[{"id":"6281575886399@s.whatsapp.net","besi":17,"gold":10,"emerald":7,"umpan":5,"potion":1},{"id":"12496030270@s.whatsapp.net","besi":15,"gold":10,"emerald":5,"umpan":5,"potion":1},{"id":"6282331660134@s.whatsapp.net","besi":5,"gold":1,"emerald":1,"umpan":1,"potion":1},{"id":"6282331660134@s.whatsapp.net","besi":12,"gold":1,"emerald":2,"umpan":1,"potion":1},{"id":"6282331660134@s.whatsapp.net","besi":5,"gold":1,"emerald":1,"umpan":1,"potion":1},{"id":"6282331660134@s.whatsapp.net","besi":5,"gold":1,"emerald":1,"umpan":1,"potion":1},{"id":"6282331660134@s.whatsapp.net","besi":9,"gold":1,"emerald":0,"umpan":1,"potion":1},{"id":"6289630193133@s.whatsapp.net","besi":5,"gold":1,"emerald":1,"umpan":1,"potion":1},{"id":"6289630193133@s.whatsapp.net","besi":5,"gold":1,"emerald":1,"umpan":1,"potion":1},{"id":"6289630193133@s.whatsapp.net","besi":6,"gold":1,"emerald":1,"umpan":1,"potion":1},{"id":"6289630193133@s.whatsapp.net","besi":5,"gold":1,"emerald":1,"umpan":1,"potion":1},{"id":"6289630193133@s.whatsapp.net","besi":5,"gold":1,"emerald":1,"umpan":1,"potion":1},{"id":"6289630193133@s.whatsapp.net","besi":6,"gold":1,"emerald":3,"umpan":1,"potion":1},{"id":"6289630193133@s.whatsapp.net","besi":5,"gold":1,"emerald":1,"umpan":1,"potion":1},{"id":"6289630193133@s.whatsapp.net","besi":8,"gold":0,"emerald":2,"umpan":1,"potion":1},{"id":"6289630193133@s.whatsapp.net","besi":5,"gold":1,"emerald":1,"umpan":1,"potion":1},{"id":"6289630193133@s.whatsapp.net","besi":5,"gold":1,"emerald":1,"umpan":1,"potion":1},{"id":"6289630193133@s.whatsapp.net","besi":5,"gold":1,"emerald":1,"umpan":1,"potion":1},{"id":"6289630193133@s.whatsapp.net","besi":5,"gold":1,"emerald":1,"umpan":1,"potion":1},{"id":"6289630193133@s.whatsapp.net","besi":5,"gold":1,"emerald":1,"umpan":1,"potion":1},{"id":"6289630193133@s.whatsapp.net","besi":5,"gold":1,"emerald":1,"umpan":1,"potion":1},{"id":"6289630193133@s.whatsapp.net","besi":5,"gold":1,"emerald":1,"umpan":1,"potion":1},{"id":"6289630193133@s.whatsapp.net","besi":5,"gold":1,"emerald":1,"umpan":1,"potion":1},{"id":"6288975467930@s.whatsapp.net","besi":5,"gold":1,"emerald":1,"umpan":1,"potion":1},{"id":"6288975467930@s.whatsapp.net","besi":5,"gold":1,"emerald":1,"umpan":1,"potion":1},{"id":"6288986214649@s.whatsapp.net","besi":5,"gold":1,"emerald":1,"umpan":1,"potion":1},{"id":"62895341811618@s.whatsapp.net","besi":5,"gold":1,"emerald":1,"umpan":1,"potion":1},{"id":"6281279032190@s.whatsapp.net","besi":5,"gold":1,"emerald":1,"umpan":1,"potion":1},{"id":"6283842839555@s.whatsapp.net","besi":5,"gold":1,"emerald":3,"umpan":1,"potion":1},{"id":"6287760480575@s.whatsapp.net","besi":5,"gold":1,"emerald":1,"umpan":1,"potion":1},{"id":"6288271843019@s.whatsapp.net","besi":5,"gold":1,"emerald":1,"umpan":1,"potion":1},{"id":"6288293167807@s.whatsapp.net","besi":5,"gold":1,"emerald":1,"umpan":1,"potion":1},{"id":"6285774560074@s.whatsapp.net","besi":5,"gold":1,"emerald":1,"umpan":1,"potion":1},{"id":"62882003728763@s.whatsapp.net","besi":5,"gold":1,"emerald":1,"umpan":1,"potion":1},{"id":"60109102984@s.whatsapp.net","besi":5,"gold":1,"emerald":1,"umpan":1,"potion":1},{"id":"62838322420651@s.whatsapp.net","besi":5,"gold":1,"emerald":1,"umpan":1,"potion":1},{"id":"62858671791711@s.whatsapp.net","besi":5,"gold":1,"emerald":1,"umpan":1,"potion":1},{"id":"6281539488046@s.whatsapp.net","besi":5,"gold":1,"emerald":1,"umpan":1,"potion":1},{"id":"6283838111039@s.whatsapp.net","besi":5,"gold":1,"emerald":1,"umpan":1,"potion":1},{"id":"6285708815460@s.whatsapp.net","besi":5,"gold":1,"emerald":1,"umpan":1,"potion":1},{"id":"6289530952609@s.whatsapp.net","besi":5,"gold":1,"emerald":1,"umpan":1,"potion":1},{"id":"6283876892331@s.whatsapp.net","besi":5,"gold":1,"emerald":1,"umpan":1,"potion":1},{"id":"6289670414978@s.whatsapp.net","besi":5,"gold":1,"emerald":1,"umpan":1,"potion":1},{"id":"6287812483476@s.whatsapp.net","besi":5,"gold":1,"emerald":1,"umpan":1,"potion":1},{"id":"6287864085365@s.whatsapp.net","besi":5,"gold":1,"emerald":1,"umpan":1,"potion":1},{"id":"6283832242065@s.whatsapp.net","besi":5,"gold":1,"emerald":1,"umpan":1,"potion":1},{"id":"6281228599963@s.whatsapp.net","besi":5,"gold":1,"emerald":1,"umpan":1,"potion":1},{"id":"62857924076810@s.whatsapp.net","besi":5,"gold":1,"emerald":1,"umpan":1,"potion":1},{"id":"6282230028796@s.whatsapp.net","besi":5,"gold":1,"emerald":1,"umpan":1,"potion":1},{"id":"6288297877862@s.whatsapp.net","besi":10,"gold":1,"emerald":2,"umpan":1,"potion":1},{"id":"6285857846981@s.whatsapp.net","besi":5,"gold":1,"emerald":1,"umpan":1,"potion":1},{"id":"6285708814390@s.whatsapp.net","besi":5,"gold":1,"emerald":1,"umpan":1,"potion":1},{"id":"6285726252125@s.whatsapp.net","besi":5,"gold":1,"emerald":1,"umpan":1,"potion":1},{"id":"6285945365532@s.whatsapp.net","besi":5,"gold":1,"emerald":1,"umpan":1,"potion":1},{"id":"62895423524892@s.whatsapp.net","besi":5,"gold":1,"emerald":1,"umpan":1,"potion":1},{"id":"6282139086763@s.whatsapp.net","besi":5,"gold":1,"emerald":1,"umpan":1,"potion":1},{"id":"6282126859452@s.whatsapp.net","besi":5,"gold":1,"emerald":1,"umpan":1,"potion":1},{"id":"6282130493798@s.whatsapp.net","besi":5,"gold":1,"emerald":1,"umpan":1,"potion":1},{"id":"6281286329305@s.whatsapp.net","besi":5,"gold":1,"emerald":1,"umpan":1,"potion":1},{"id":"6285709116745@s.whatsapp.net","besi":5,"gold":1,"emerald":1,"umpan":1,"potion":1},{"id":"628884344957@s.whatsapp.net","besi":6,"gold":1,"emerald":1,"umpan":1,"potion":1},{"id":"6281952375934@s.whatsapp.net","besi":5,"gold":1,"emerald":1,"umpan":1,"potion":1},{"id":"6282256706456@s.whatsapp.net","besi":9,"gold":1,"emerald":1,"umpan":1,"potion":1},{"id":"62838957201272@s.whatsapp.net","besi":5,"gold":1,"emerald":1,"umpan":1,"potion":1},{"id":"62895634865955@s.whatsapp.net","besi":10,"gold":1,"emerald":2,"umpan":1,"potion":1},{"id":"6287765849910@s.whatsapp.net","besi":5,"gold":1,"emerald":1,"umpan":1,"potion":1},{"id":"6285691304150@s.whatsapp.net","besi":5,"gold":1,"emerald":1,"umpan":1,"potion":1},{"id":"62895388214848@s.whatsapp.net","besi":5,"gold":1,"emerald":1,"umpan":1,"potion":1},{"id":"6287738146522@s.whatsapp.net","besi":5,"gold":1,"emerald":1,"umpan":1,"potion":1},{"id":"6282130756675@s.whatsapp.net","besi":5,"gold":1,"emerald":1,"umpan":1,"potion":1},{"id":"6287872623056@s.whatsapp.net","besi":5,"gold":1,"emerald":1,"umpan":1,"potion":1},{"id":"6285849041798@s.whatsapp.net","besi":5,"gold":1,"emerald":1,"umpan":1,"potion":1}]